<Backups xmlns="http://www.microsoft.com/GroupPolicy/GPOOperations/Manifest" xmlns:mfst="http://www.microsoft.com/GroupPolicy/GPOOperations/Manifest" mfst:version="1.0"><BackupInst><GPOGuid><![CDATA[{86B3DED6-D0FB-468D-837A-8007A26E4447}]]></GPOGuid><GPODomain><![CDATA[security.local]]></GPODomain><GPODomainGuid><![CDATA[{6f0514af-6cc4-48d1-b2ef-2310ad5fc57b}]]></GPODomainGuid><GPODomainController><![CDATA[DC-SEC-01.security.local]]></GPODomainController><BackupTime><![CDATA[2024-09-04T13:34:30]]></BackupTime><ID><![CDATA[{0B4A3169-8E6E-446D-AFD1-E9FEAB6CAB40}]]></ID><Comment><![CDATA[]]></Comment><GPODisplayName><![CDATA[MSFT Edge Version 128 - Computer]]></GPODisplayName></BackupInst></Backups>