<Backups xmlns="http://www.microsoft.com/GroupPolicy/GPOOperations/Manifest" xmlns:mfst="http://www.microsoft.com/GroupPolicy/GPOOperations/Manifest" mfst:version="1.0"><BackupInst><GPOGuid><![CDATA[{736029FF-BB97-4FC0-A5F3-FEC8DE90908C}]]></GPOGuid><GPODomain><![CDATA[security.local]]></GPODomain><GPODomainGuid><![CDATA[{6f0514af-6cc4-48d1-b2ef-2310ad5fc57b}]]></GPODomainGuid><GPODomainController><![CDATA[DC-SEC-01.security.local]]></GPODomainController><BackupTime><![CDATA[2023-06-27T21:18:13]]></BackupTime><ID><![CDATA[{59C83F28-CFC3-483F-AD25-FD25E92EFAC0}]]></ID><Comment><![CDATA[]]></Comment><GPODisplayName><![CDATA[MSFT Microsoft 365 Apps v2306 - User]]></GPODisplayName></BackupInst><BackupInst><GPOGuid><![CDATA[{38B794AC-A419-46B4-905F-9217C3510152}]]></GPOGuid><GPODomain><![CDATA[security.local]]></GPODomain><GPODomainGuid><![CDATA[{6f0514af-6cc4-48d1-b2ef-2310ad5fc57b}]]></GPODomainGuid><GPODomainController><![CDATA[DC-SEC-01.security.local]]></GPODomainController><BackupTime><![CDATA[2023-06-27T21:18:12]]></BackupTime><ID><![CDATA[{251E6330-2191-4EB4-A96E-E014E694932B}]]></ID><Comment><![CDATA[]]></Comment><GPODisplayName><![CDATA[MSFT Microsoft 365 Apps v2306 - Require Macro Signing - User]]></GPODisplayName></BackupInst><BackupInst><GPOGuid><![CDATA[{DE75F7E0-B75C-41F7-AC90-2C3F3DA49C82}]]></GPOGuid><GPODomain><![CDATA[security.local]]></GPODomain><GPODomainGuid><![CDATA[{6f0514af-6cc4-48d1-b2ef-2310ad5fc57b}]]></GPODomainGuid><GPODomainController><![CDATA[DC-SEC-01.security.local]]></GPODomainController><BackupTime><![CDATA[2023-06-27T21:18:11]]></BackupTime><ID><![CDATA[{2F0DF88E-8086-4A13-8A4A-24891D00D994}]]></ID><Comment><![CDATA[]]></Comment><GPODisplayName><![CDATA[MSFT Microsoft 365 Apps v2306 - Legacy JScript Block - Computer]]></GPODisplayName></BackupInst><BackupInst><GPOGuid><![CDATA[{EF439B69-A375-4A59-88F3-4F3492FE583F}]]></GPOGuid><GPODomain><![CDATA[security.local]]></GPODomain><GPODomainGuid><![CDATA[{6f0514af-6cc4-48d1-b2ef-2310ad5fc57b}]]></GPODomainGuid><GPODomainController><![CDATA[DC-SEC-01.security.local]]></GPODomainController><BackupTime><![CDATA[2023-06-27T21:18:09]]></BackupTime><ID><![CDATA[{A7F9E822-4C4B-43DB-9FD0-854BA6B01D33}]]></ID><Comment><![CDATA[]]></Comment><GPODisplayName><![CDATA[MSFT Microsoft 365 Apps v2306 - Legacy File Block - User]]></GPODisplayName></BackupInst><BackupInst><GPOGuid><![CDATA[{E6A0576A-5C86-4483-91D2-79F998B33DE3}]]></GPOGuid><GPODomain><![CDATA[security.local]]></GPODomain><GPODomainGuid><![CDATA[{6f0514af-6cc4-48d1-b2ef-2310ad5fc57b}]]></GPODomainGuid><GPODomainController><![CDATA[DC-SEC-01.security.local]]></GPODomainController><BackupTime><![CDATA[2023-06-27T21:18:07]]></BackupTime><ID><![CDATA[{BCAC3F74-1835-41F2-8519-202C187B1CD6}]]></ID><Comment><![CDATA[]]></Comment><GPODisplayName><![CDATA[MSFT Microsoft 365 Apps v2306 - DDE Block - User]]></GPODisplayName></BackupInst><BackupInst><GPOGuid><![CDATA[{B2E90A77-91AA-4532-8B2E-DBFAA8F35A06}]]></GPOGuid><GPODomain><![CDATA[security.local]]></GPODomain><GPODomainGuid><![CDATA[{6f0514af-6cc4-48d1-b2ef-2310ad5fc57b}]]></GPODomainGuid><GPODomainController><![CDATA[DC-SEC-01.security.local]]></GPODomainController><BackupTime><![CDATA[2023-06-27T21:18:03]]></BackupTime><ID><![CDATA[{759D6369-91C2-4D49-9A60-FA7976D0B612}]]></ID><Comment><![CDATA[]]></Comment><GPODisplayName><![CDATA[MSFT Microsoft 365 Apps v2306 - Computer]]></GPODisplayName></BackupInst></Backups>