<BackupInst xmlns="http://www.microsoft.com/GroupPolicy/GPOOperations/Manifest"><GPOGuid><![CDATA[{E6A0576A-5C86-4483-91D2-79F998B33DE3}]]></GPOGuid><GPODomain><![CDATA[security.local]]></GPODomain><GPODomainGuid><![CDATA[{6f0514af-6cc4-48d1-b2ef-2310ad5fc57b}]]></GPODomainGuid><GPODomainController><![CDATA[DC-SEC-01.security.local]]></GPODomainController><BackupTime><![CDATA[2023-06-27T21:18:07]]></BackupTime><ID><![CDATA[{BCAC3F74-1835-41F2-8519-202C187B1CD6}]]></ID><Comment><![CDATA[]]></Comment><GPODisplayName><![CDATA[MSFT Microsoft 365 Apps v2306 - DDE Block - User]]></GPODisplayName></BackupInst>
